alpha-memory242,beta-memory240,beta-memory238,alpha-memory233,beta-memory231,alpha-memory229,filter-memory226,alpha-memory223,exists-start-node221,alpha-memory219,beta-memory217,alpha-memory215,beta-memory213,alpha-memory211,alpha-memory207,beta-memory205,alpha-memory203,beta-memory201,alpha-memory199,beta-memory197,alpha-memory195,beta-memory191,alpha-memory189,beta-memory187,beta-memory185,alpha-memory183,beta-memory181,alpha-memory179,beta-memory177,alpha-memory175,beta-memory171,beta-memory169,beta-memory167,beta-memory165,alpha-memory163,alpha-memory158,beta-memory156,beta-memory154,alpha-memory149,beta-memory147,filter-memory144,alpha-memory141,exists-start-node139,alpha-memory137,beta-memory135,alpha-memory133,beta-memory131,alpha-memory129,alpha-memory124,beta-memory122,beta-memory120,alpha-memory115,beta-memory113,filter-memory110,alpha-memory107,exists-start-node105,alpha-memory103,beta-memory101,alpha-memory99,beta-memory97,alpha-memory95,beta-memory93,alpha-memory90,beta-memory88,alpha-memory86,beta-memory84,alpha-memory82,beta-memory80,alpha-memory78,beta-memory74,beta-memory72,beta-memory70,alpha-memory68,beta-memory66,beta-memory64,alpha-memory62,beta-memory60,alpha-memory58,beta-memory54,alpha-memory52,beta-memory50,alpha-memory48,beta-memory46,alpha-memory44,beta-memory42,alpha-memory40,beta-memory38,alpha-memory36,beta-memory34,alpha-memory32,alpha-memory27,exists-start-node25,alpha-memory22,beta-memory20,beta-memory18,alpha-memory16,alpha-memory11,alpha-memory9,beta-memory7,alpha-memory4,beta-memory1,alpha-memory158,beta-memory156,beta-memory154,alpha-memory149,beta-memory147,filter-memory144,alpha-memory141,exists-start-node139,alpha-memory137,beta-memory135,alpha-memory133,beta-memory131,alpha-memory129,alpha-memory124,beta-memory122,beta-memory120,alpha-memory115,beta-memory113,filter-memory110,alpha-memory107,exists-start-node105,alpha-memory103,beta-memory101,alpha-memory99,beta-memory97,alpha-memory95,beta-memory93,alpha-memory90,beta-memory88,alpha-memory86,beta-memory84,alpha-memory82,beta-memory80,alpha-memory78,beta-memory74,beta-memory72,beta-memory70,alpha-memory68,beta-memory66,beta-memory64,alpha-memory62,beta-memory60,alpha-memory58,beta-memory54,alpha-memory52,beta-memory50,alpha-memory48,beta-memory46,alpha-memory44,beta-memory42,alpha-memory40,beta-memory38,alpha-memory36,beta-memory34,alpha-memory32,alpha-memory27,exists-start-node25,alpha-memory22,beta-memory20,beta-memory18,alpha-memory16,alpha-memory11,alpha-memory9,beta-memory7,alpha-memory4,beta-memory1,alpha-memory27,exists-start-node25,alpha-memory22,beta-memory20,beta-memory18,alpha-memory16,alpha-memory11,alpha-memory9,beta-memory7,alpha-memory4,beta-memory1,alpha-index 243,beta-index 243,alpha-index 239,beta-index 239,alpha-index 234,beta-index 234,alpha-index 224,beta-index 224,alpha-index 220,beta-index 220,alpha-index 208,beta-index 208,alpha-index 204,beta-index 204,alpha-index 200,beta-index 200,alpha-index 190,beta-index 190,alpha-index 186,beta-index 186,alpha-index 184,beta-index 184,alpha-index 180,beta-index 180,alpha-index 176,beta-index 176,alpha-index 170,beta-index 170,alpha-index 168,beta-index 168,alpha-index 166,beta-index 166,alpha-index 164,beta-index 164,alpha-index 159,beta-index 159,alpha-index 155,beta-index 155,alpha-index 150,beta-index 150,alpha-index 142,beta-index 142,alpha-index 138,beta-index 138,alpha-index 125,beta-index 125,alpha-index 121,beta-index 121,alpha-index 116,beta-index 116,alpha-index 108,beta-index 108,alpha-index 104,beta-index 104,alpha-index 91,beta-index 91,alpha-index 87,beta-index 87,alpha-index 83,beta-index 83,alpha-index 73,beta-index 73,alpha-index 71,beta-index 71,alpha-index 69,beta-index 69,alpha-index 65,beta-index 65,alpha-index 63,beta-index 63,alpha-index 53,beta-index 53,alpha-index 49,beta-index 49,alpha-index 45,beta-index 45,alpha-index 41,beta-index 41,alpha-index 37,beta-index 37,alpha-index 159,beta-index 159,alpha-index 155,beta-index 155,alpha-index 150,beta-index 150,alpha-index 142,beta-index 142,alpha-index 138,beta-index 138,alpha-index 125,beta-index 125,alpha-index 121,beta-index 121,alpha-index 116,beta-index 116,alpha-index 108,beta-index 108,alpha-index 104,beta-index 104,alpha-index 91,beta-index 91,alpha-index 87,beta-index 87,alpha-index 83,beta-index 83,alpha-index 73,beta-index 73,alpha-index 71,beta-index 71,alpha-index 69,beta-index 69,alpha-index 65,beta-index 65,alpha-index 63,beta-index 63,alpha-index 53,beta-index 53,alpha-index 49,beta-index 49,alpha-index 45,beta-index 45,alpha-index 41,beta-index 41,alpha-index 37,beta-index 37
0,0,0,0,0,0,0,0,0,0,0,0,1,1,0,0,0,0,0,0,0,0,20,0,0,0,0,0,0,0,0,0,0,0,0,0,0,0,0,0,0,0,0,0,0,0,1,1,0,0,0,0,0,0,0,0,0,0,0,1,1,1,0,0,0,0,0,0,0,0,0,0,0,0,0,0,0,0,20,20,1,1,1,1,1,1,1,1,1,1,0,0,1,0,0,0,1,1,1,1,1,0,0,0,0,0,0,0,0,0,0,0,0,0,0,0,0,0,0,0,0,0,0,0,0,0,0,1,0,0,0,0,0,0,0,0,0,0,0,0,0,0,0,0,0,0,0,0,0,0,0,0,0,0,0,0,0,0,0,0,0,0,1,1,0,0,1,0,0,0,0,0,0,1,1,0,0,1,0,0,0,0,0,0,0,0,0,0,0,0,0,0,0,0,1,0,1,0,0,0,0,0,0,1,0,0,1,0,0,0,0,0,0,0,0,0,0,0,0,0,0,0,0,0,0,0,0,0,0,0,0,0,0,0,0,0,0,0,1,0,1,0,0,0,1,0,0,0,1,1,1,1,1,1,1,1,1,1,0,0,0,0,0,0,0,0,0,0,0,0,0,0,0,0,0,0,0,0,0,0,0,0,0,0,0,0,0,0,0,0,0,0,0,0,0,0,0,0,0,0,0,0,0,0
0,16,16,0,16,16,279,0,279,16,16,16,1,1,0,0,0,16,16,16,16,0,20,0,0,0,0,0,0,0,0,0,0,0,0,8,8,8,8,8,1848,8,1848,8,8,8,1,1,8,96,96,8,96,5020,8,5020,96,96,96,1,1,1,8,0,8,96,96,96,96,0,0,0,0,0,0,0,0,0,20,20,1,1,1,1,1,1,1,1,1,1,0,0,1,0,0,0,1,1,1,1,1,0,0,0,0,0,0,0,0,0,0,0,0,0,0,0,0,0,0,0,0,0,0,0,0,0,0,1,0,0,0,0,0,0,0,0,0,0,0,0,0,0,0,0,0,0,0,0,0,0,0,0,0,0,0,0,0,0,0,0,0,0,1,1,0,0,1,0,0,0,0,0,0,1,1,0,0,1,0,16,16,16,0,16,0,16,16,16,0,0,0,16,16,16,1,0,1,0,0,0,0,0,0,1,0,0,1,0,0,0,0,0,8,8,8,8,8,8,8,1600,8,8,8,96,96,96,8,96,8,1680,96,96,8,0,8,96,96,96,1,0,1,0,0,0,1,0,0,0,1,1,1,1,1,1,1,1,1,1,0,0,0,0,0,0,0,0,0,0,0,0,0,0,0,0,0,0,0,0,0,0,0,0,0,0,0,0,0,0,0,0,0,0,0,0,0,0,0,0,0,0,0,0,0,0
0,14,14,0,14,14,440,0,440,14,14,14,1,1,0,0,0,14,14,14,14,0,20,0,0,0,0,0,0,0,0,0,0,0,0,8,112,112,8,112,3612,8,3612,112,112,112,1,1,16,140,140,16,140,7380,16,7380,140,140,140,1,1,1,112,0,112,140,140,140,140,0,0,0,0,0,0,0,0,0,20,20,1,1,1,1,1,1,1,1,1,1,0,0,1,0,0,0,1,1,1,1,1,0,0,0,0,0,0,0,0,0,0,0,0,0,0,0,0,0,0,0,0,0,0,0,0,0,0,1,0,0,0,0,0,0,0,0,0,0,0,0,0,0,0,0,0,0,0,0,0,0,0,0,0,0,0,0,0,0,0,0,0,0,1,1,0,0,1,0,0,0,0,0,0,1,1,0,0,1,0,14,14,14,0,14,0,33,14,14,0,0,0,14,14,14,1,0,1,0,0,0,0,0,0,1,0,0,1,0,0,0,0,0,8,112,112,112,8,112,8,3300,112,112,16,140,140,140,16,140,16,3320,140,140,112,0,112,140,140,140,1,0,1,0,0,0,1,0,0,0,1,1,1,1,1,1,1,1,1,1,0,0,0,0,0,0,0,0,0,0,0,0,0,0,0,0,0,0,0,0,0,0,0,0,0,0,0,0,0,0,0,0,0,0,0,0,0,0,0,0,0,0,0,0,0,0
0,11,11,0,11,11,477,0,477,11,11,11,1,1,0,0,0,11,11,11,11,0,20,0,0,0,0,0,0,0,0,0,0,0,0,160,232,232,160,232,5380,160,5380,232,232,232,1,1,160,312,312,160,312,9216,160,9216,312,312,312,1,1,1,232,0,232,312,312,312,312,0,0,0,0,0,0,0,0,0,20,20,1,1,1,1,1,1,1,1,1,1,0,0,1,0,0,0,1,1,1,1,1,0,0,0,0,0,0,0,0,0,0,0,0,0,0,0,0,0,0,0,0,0,0,0,0,0,0,1,0,0,0,0,0,0,0,0,0,0,0,0,0,0,0,0,0,0,0,0,0,0,0,0,0,0,0,0,0,0,0,0,0,0,1,1,0,0,1,0,0,0,0,0,0,1,1,0,0,1,0,11,11,11,0,11,0,49,11,11,0,0,0,11,11,11,1,0,1,0,0,0,0,0,0,1,0,0,1,0,0,0,0,0,160,232,232,232,160,232,160,4900,232,232,160,312,312,312,160,312,160,4980,312,312,232,0,232,312,312,312,1,0,1,0,0,0,1,0,0,0,1,1,1,1,1,1,1,1,1,1,0,0,0,0,0,0,0,0,0,0,0,0,0,0,0,0,0,0,0,0,0,0,0,0,0,0,0,0,0,0,0,0,0,0,0,0,0,0,0,0,0,0,0,0,0,0
1,9,9,1,9,9,516,1,516,9,9,9,1,1,0,0,0,9,9,9,9,0,20,0,0,0,0,0,0,0,0,0,0,0,0,160,208,208,160,208,7400,160,7400,208,208,208,1,1,160,228,228,160,228,11176,160,11176,228,228,228,1,1,1,208,0,208,228,228,228,228,0,0,0,0,0,0,0,0,0,20,20,1,1,1,1,1,1,1,1,1,1,0,0,1,0,0,0,1,1,1,1,1,0,0,0,0,0,0,0,0,0,0,0,0,0,0,0,0,0,0,0,0,0,0,0,0,0,0,1,0,0,0,0,0,0,0,0,0,0,0,0,0,0,0,0,0,0,0,0,0,0,0,0,0,0,0,0,0,0,0,0,0,0,1,1,0,0,1,0,0,0,0,0,0,1,1,0,0,1,1,9,9,9,1,9,1,66,9,9,0,0,0,9,9,9,1,0,1,0,0,0,0,0,0,1,0,0,1,0,0,0,0,0,160,208,208,208,160,208,160,6600,208,208,160,228,228,228,160,228,160,6620,228,228,208,0,208,228,228,228,1,0,1,0,0,0,1,0,0,0,1,1,1,1,1,1,1,1,1,1,0,0,0,0,0,0,0,0,0,0,0,0,0,0,0,0,0,0,0,0,0,0,0,0,0,0,0,0,0,0,0,0,0,0,0,0,0,0,0,0,0,0,0,0,0,0
1,5,5,1,5,5,555,1,555,5,5,5,1,1,0,0,0,5,5,5,5,0,20,0,0,0,0,0,0,0,0,0,0,0,0,160,176,176,160,176,9320,160,9320,176,176,176,1,1,160,256,256,160,256,13156,160,13156,256,256,256,1,1,1,176,0,176,256,256,256,256,0,0,0,0,0,0,0,0,0,20,20,1,1,1,1,1,1,1,1,1,1,0,0,1,0,0,0,1,1,1,1,1,0,0,0,0,0,0,0,0,0,0,0,0,0,0,0,0,0,0,0,0,0,0,0,0,0,0,1,0,0,0,0,0,0,0,0,0,0,0,0,0,0,0,0,0,0,0,0,0,0,0,0,0,0,0,0,0,0,0,0,0,0,1,1,0,0,1,0,0,0,0,0,0,1,1,0,0,1,1,5,5,5,1,5,1,82,5,5,0,0,0,5,5,5,1,0,1,0,0,0,0,0,0,1,0,0,1,0,0,0,0,0,160,176,176,176,160,176,160,8200,176,176,160,256,256,256,160,256,160,8280,256,256,176,0,176,256,256,256,1,0,1,0,0,0,1,0,0,0,1,1,1,1,1,1,1,1,1,1,0,0,0,0,0,0,0,0,0,0,0,0,0,0,0,0,0,0,0,0,0,0,0,0,0,0,0,0,0,0,0,0,0,0,0,0,0,0,0,0,0,0,0,0,0,0
1,22,22,1,22,22,572,1,572,22,22,22,1,1,0,0,0,22,22,22,22,0,20,0,0,0,0,0,0,0,0,0,0,0,0,160,312,312,160,312,11020,160,11020,312,312,312,1,1,160,352,352,160,352,14816,160,14816,352,352,352,1,1,1,312,0,312,352,352,352,352,0,0,0,0,0,0,0,0,0,20,20,1,1,1,1,1,1,1,1,1,1,0,0,1,0,0,0,1,1,1,1,1,0,0,0,0,0,0,0,0,0,0,0,0,0,0,0,0,0,0,0,0,0,0,0,0,0,0,1,0,0,0,0,0,0,0,0,0,0,0,0,0,0,0,0,0,0,0,0,0,0,0,0,0,0,0,0,0,0,0,0,0,0,1,1,0,0,1,0,0,0,0,0,0,1,1,0,0,1,1,22,22,22,1,22,1,99,22,22,0,0,0,22,22,22,1,0,1,0,0,0,0,0,0,1,0,0,1,0,0,0,0,0,160,312,312,312,160,312,160,9900,312,312,160,352,352,352,160,352,160,9940,352,352,312,0,312,352,352,352,1,0,1,0,0,0,1,0,0,0,1,1,1,1,1,1,1,1,1,1,0,0,0,0,0,0,0,0,0,0,0,0,0,0,0,0,0,0,0,0,0,0,0,0,0,0,0,0,0,0,0,0,0,0,0,0,0,0,0,0,0,0,0,0,0,0
1,18,18,1,18,18,611,1,611,18,18,18,1,1,0,0,0,18,18,18,18,0,100,0,0,0,0,0,0,0,1,1,1,1,1,160,280,280,160,280,12940,160,12940,280,280,280,1,1,160,380,380,160,380,16796,160,16796,380,380,380,1,1,1,280,0,280,380,380,380,380,100,1,1,1,1,1,1,1,1,0,100,0,1,0,0,0,1,0,0,0,0,0,0,1,0,0,0,1,1,1,1,1,0,0,0,0,0,0,0,0,0,0,0,0,0,0,0,0,0,0,0,0,0,0,0,0,0,0,1,0,0,0,0,0,0,0,0,0,0,0,0,0,0,0,0,0,0,0,0,0,0,0,0,0,0,0,0,0,0,0,0,0,0,1,1,0,0,1,0,0,0,0,0,0,1,1,0,0,1,1,18,18,18,1,18,1,115,18,18,0,0,0,18,18,18,1,0,1,0,0,0,0,0,0,0,1,1,1,1,1,1,1,1,160,280,280,280,160,280,160,11500,280,280,160,380,380,380,160,380,160,11600,380,380,280,0,280,380,380,380,1,1,1,1,1,1,1,1,1,1,1,0,1,0,0,0,1,0,0,0,0,0,0,0,0,0,0,0,0,0,0,0,0,0,0,0,0,0,0,0,0,0,0,0,0,0,0,0,0,0,0,0,0,0,0,0,0,0,0,0,0,0,0,0,0,0
1,15,15,1,15,15,651,1,651,15,15,15,1,1,0,0,0,15,15,15,15,0,20,0,0,0,0,0,0,0,0,0,0,0,0,160,256,256,160,256,14960,160,14960,256,256,256,1,1,160,296,296,160,296,18756,160,18756,296,296,296,1,1,1,256,0,256,296,296,296,296,0,0,0,0,0,0,0,0,0,20,20,1,1,1,1,1,1,1,1,1,1,0,0,1,0,0,0,1,1,1,1,1,0,0,0,0,0,0,0,0,0,0,0,0,0,0,0,0,0,0,0,0,0,0,0,0,0,0,1,0,0,0,0,0,0,0,0,0,0,0,0,0,0,0,0,0,0,0,0,0,0,0,0,0,0,0,0,0,0,0,0,0,0,1,1,0,0,1,0,0,0,0,0,0,1,1,0,0,1,1,15,15,15,1,15,1,132,15,15,0,0,0,15,15,15,1,0,1,0,0,0,0,0,0,1,0,0,1,0,0,0,0,0,160,256,256,256,160,256,160,13200,256,256,160,296,296,296,160,296,160,13240,296,296,256,0,256,296,296,296,1,0,1,0,0,0,1,0,0,0,1,1,1,1,1,1,1,1,1,1,0,0,0,0,0,0,0,0,0,0,0,0,0,0,0,0,0,0,0,0,0,0,0,0,0,0,0,0,0,0,0,0,0,0,0,0,0,0,0,0,0,0,0,0,0,0
1,11,11,1,11,11,690,1,690,11,11,11,1,1,0,0,0,11,11,11,11,0,100,0,0,0,0,0,0,0,1,1,1,1,1,160,224,224,160,224,16880,160,16880,224,224,224,1,1,160,324,324,160,324,20736,160,20736,324,324,324,1,1,1,224,0,224,324,324,324,324,100,1,1,1,1,1,1,1,1,0,100,0,1,0,0,0,1,0,0,0,0,0,0,1,0,0,0,1,1,1,1,1,0,0,0,0,0,0,0,0,0,0,0,0,0,0,0,0,0,0,0,0,0,0,0,0,0,0,1,0,0,0,0,0,0,0,0,0,0,0,0,0,0,0,0,0,0,0,0,0,0,0,0,0,0,0,0,0,0,0,0,0,0,1,1,0,0,1,0,0,0,0,0,0,1,1,0,0,1,1,11,11,11,1,11,1,148,11,11,0,0,0,11,11,11,1,0,1,0,0,0,0,0,0,0,1,1,1,1,1,1,1,1,160,224,224,224,160,224,160,14800,224,224,160,324,324,324,160,324,160,14900,324,324,224,0,224,324,324,324,1,1,1,1,1,1,1,1,1,1,1,0,1,0,0,0,1,0,0,0,0,0,0,0,0,0,0,0,0,0,0,0,0,0,0,0,0,0,0,0,0,0,0,0,0,0,0,0,0,0,0,0,0,0,0,0,0,0,0,0,0,0,0,0,0,0
1,8,8,1,8,8,730,1,730,8,8,8,1,1,0,0,0,8,8,8,8,0,20,0,0,0,0,0,0,0,0,0,0,0,0,160,200,200,160,200,18900,160,18900,200,200,200,1,1,160,240,240,160,240,22696,160,22696,240,240,240,1,1,1,200,0,200,240,240,240,240,0,0,0,0,0,0,0,0,0,20,20,1,1,1,1,1,1,1,1,1,1,0,0,1,0,0,0,1,1,1,1,1,0,0,0,0,0,0,0,0,0,0,0,0,0,0,0,0,0,0,0,0,0,0,0,0,0,0,1,0,0,0,0,0,0,0,0,0,0,0,0,0,0,0,0,0,0,0,0,0,0,0,0,0,0,0,0,0,0,0,0,0,0,1,1,0,0,1,0,0,0,0,0,0,1,1,0,0,1,1,8,8,8,1,8,1,165,8,8,0,0,0,8,8,8,1,0,1,0,0,0,0,0,0,1,0,0,1,0,0,0,0,0,160,200,200,200,160,200,160,16500,200,200,160,240,240,240,160,240,160,16540,240,240,200,0,200,240,240,240,1,0,1,0,0,0,1,0,0,0,1,1,1,1,1,1,1,1,1,1,0,0,0,0,0,0,0,0,0,0,0,0,0,0,0,0,0,0,0,0,0,0,0,0,0,0,0,0,0,0,0,0,0,0,0,0,0,0,0,0,0,0,0,0,0,0
1,4,4,1,4,4,769,1,769,4,4,4,1,1,0,0,0,4,4,4,4,0,100,0,0,0,0,0,0,0,1,1,1,1,1,160,168,168,160,168,20820,160,20820,168,168,168,1,1,160,268,268,160,268,24676,160,24676,268,268,268,1,1,1,168,0,168,268,268,268,268,100,1,1,1,1,1,1,1,1,0,100,0,1,0,0,0,1,0,0,0,0,0,0,1,0,0,0,1,1,1,1,1,0,0,0,0,0,0,0,0,0,0,0,0,0,0,0,0,0,0,0,0,0,0,0,0,0,0,1,0,0,0,0,0,0,0,0,0,0,0,0,0,0,0,0,0,0,0,0,0,0,0,0,0,0,0,0,0,0,0,0,0,0,1,1,0,0,1,0,0,0,0,0,0,1,1,0,0,1,1,4,4,4,1,4,1,181,4,4,0,0,0,4,4,4,1,0,1,0,0,0,0,0,0,0,1,1,1,1,1,1,1,1,160,168,168,168,160,168,160,18100,168,168,160,268,268,268,160,268,160,18200,268,268,168,0,168,268,268,268,1,1,1,1,1,1,1,1,1,1,1,0,1,0,0,0,1,0,0,0,0,0,0,0,0,0,0,0,0,0,0,0,0,0,0,0,0,0,0,0,0,0,0,0,0,0,0,0,0,0,0,0,0,0,0,0,0,0,0,0,0,0,0,0,0,0
1,21,21,1,21,21,786,1,786,21,21,21,1,1,0,0,0,21,21,21,21,0,20,0,0,0,0,0,0,0,0,0,0,0,0,160,304,304,160,304,22520,160,22520,304,304,304,1,1,160,364,364,160,364,26336,160,26336,364,364,364,1,1,1,304,0,304,364,364,364,364,0,0,0,0,0,0,0,0,0,20,20,1,1,1,1,1,1,1,1,1,1,0,0,1,0,0,0,1,1,1,1,1,0,0,0,0,0,0,0,0,0,0,0,0,0,0,0,0,0,0,0,0,0,0,0,0,0,0,1,0,0,0,0,0,0,0,0,0,0,0,0,0,0,0,0,0,0,0,0,0,0,0,0,0,0,0,0,0,0,0,0,0,0,1,1,0,0,1,0,0,0,0,0,0,1,1,0,0,1,1,21,21,21,1,21,1,198,21,21,0,0,0,21,21,21,1,0,1,0,0,0,0,0,0,1,0,0,1,0,0,0,0,0,160,304,304,304,160,304,160,19800,304,304,160,364,364,364,160,364,160,19860,364,364,304,0,304,364,364,364,1,0,1,0,0,0,1,0,0,0,1,1,1,1,1,1,1,1,1,1,0,0,0,0,0,0,0,0,0,0,0,0,0,0,0,0,0,0,0,0,0,0,0,0,0,0,0,0,0,0,0,0,0,0,0,0,0,0,0,0,0,0,0,0,0,0
1,18,18,1,18,18,826,1,826,18,18,18,1,1,0,0,0,18,18,18,18,0,20,0,0,0,0,0,0,0,0,0,0,0,0,160,280,280,160,280,24540,160,24540,280,280,280,1,1,160,280,280,160,280,28296,160,28296,280,280,280,1,1,1,280,0,280,280,280,280,280,0,0,0,0,0,0,0,0,0,20,20,1,1,1,1,1,1,1,1,1,1,0,0,1,0,0,0,1,1,1,1,1,0,0,0,0,0,0,0,0,0,0,0,0,0,0,0,0,0,0,0,0,0,0,0,0,0,0,1,0,0,0,0,0,0,0,0,0,0,0,0,0,0,0,0,0,0,0,0,0,0,0,0,0,0,0,0,0,0,0,0,0,0,1,1,0,0,1,0,0,0,0,0,0,1,1,0,0,1,1,18,18,18,1,18,1,215,18,18,0,0,0,18,18,18,1,0,1,0,0,0,0,0,0,1,0,0,1,0,0,0,0,0,160,280,280,280,160,280,160,21500,280,280,160,280,280,280,160,280,160,21500,280,280,280,0,280,280,280,280,1,0,1,0,0,0,1,0,0,0,1,1,1,1,1,1,1,1,1,1,0,0,0,0,0,0,0,0,0,0,0,0,0,0,0,0,0,0,0,0,0,0,0,0,0,0,0,0,0,0,0,0,0,0,0,0,0,0,0,0,0,0,0,0,0,0
1,14,14,1,14,14,865,1,865,14,14,14,1,1,0,0,0,14,14,14,14,0,20,0,0,0,0,0,0,0,0,0,0,0,0,160,248,248,160,248,26460,160,26460,248,248,248,1,1,160,308,308,160,308,30276,160,30276,308,308,308,1,1,1,248,0,248,308,308,308,308,0,0,0,0,0,0,0,0,0,20,20,1,1,1,1,1,1,1,1,1,1,0,0,1,0,0,0,1,1,1,1,1,0,0,0,0,0,0,0,0,0,0,0,0,0,0,0,0,0,0,0,0,0,0,0,0,0,0,1,0,0,0,0,0,0,0,0,0,0,0,0,0,0,0,0,0,0,0,0,0,0,0,0,0,0,0,0,0,0,0,0,0,0,1,1,0,0,1,0,0,0,0,0,0,1,1,0,0,1,1,14,14,14,1,14,1,231,14,14,0,0,0,14,14,14,1,0,1,0,0,0,0,0,0,1,0,0,1,0,0,0,0,0,160,248,248,248,160,248,160,23100,248,248,160,308,308,308,160,308,160,23160,308,308,248,0,248,308,308,308,1,0,1,0,0,0,1,0,0,0,1,1,1,1,1,1,1,1,1,1,0,0,0,0,0,0,0,0,0,0,0,0,0,0,0,0,0,0,0,0,0,0,0,0,0,0,0,0,0,0,0,0,0,0,0,0,0,0,0,0,0,0,0,0,0,0
1,11,11,1,11,11,905,1,905,11,11,11,1,1,0,0,0,11,11,11,11,0,20,0,0,0,0,0,0,0,0,0,0,0,0,160,224,224,160,224,28480,160,28480,224,224,224,1,1,160,224,224,160,224,32236,160,32236,224,224,224,1,1,1,224,0,224,224,224,224,224,0,0,0,0,0,0,0,0,0,20,20,1,1,1,1,1,1,1,1,1,1,0,0,1,0,0,0,1,1,1,1,1,0,0,0,0,0,0,0,0,0,0,0,0,0,0,0,0,0,0,0,0,0,0,0,0,0,0,1,0,0,0,0,0,0,0,0,0,0,0,0,0,0,0,0,0,0,0,0,0,0,0,0,0,0,0,0,0,0,0,0,0,0,1,1,0,0,1,0,0,0,0,0,0,1,1,0,0,1,1,11,11,11,1,11,1,248,11,11,0,0,0,11,11,11,1,0,1,0,0,0,0,0,0,1,0,0,1,0,0,0,0,0,160,224,224,224,160,224,160,24800,224,224,160,224,224,224,160,224,160,24800,224,224,224,0,224,224,224,224,1,0,1,0,0,0,1,0,0,0,1,1,1,1,1,1,1,1,1,1,0,0,0,0,0,0,0,0,0,0,0,0,0,0,0,0,0,0,0,0,0,0,0,0,0,0,0,0,0,0,0,0,0,0,0,0,0,0,0,0,0,0,0,0,0,0
1,7,7,1,7,7,944,1,944,7,7,7,1,1,0,0,0,7,7,7,7,0,20,0,0,0,0,0,0,0,0,0,0,0,0,160,192,192,160,192,30400,160,30400,192,192,192,1,1,160,252,252,160,252,34216,160,34216,252,252,252,1,1,1,192,0,192,252,252,252,252,0,0,0,0,0,0,0,0,0,20,20,1,1,1,1,1,1,1,1,1,1,0,0,1,0,0,0,1,1,1,1,1,0,0,0,0,0,0,0,0,0,0,0,0,0,0,0,0,0,0,0,0,0,0,0,0,0,0,1,0,0,0,0,0,0,0,0,0,0,0,0,0,0,0,0,0,0,0,0,0,0,0,0,0,0,0,0,0,0,0,0,0,0,1,1,0,0,1,0,0,0,0,0,0,1,1,0,0,1,1,7,7,7,1,7,1,264,7,7,0,0,0,7,7,7,1,0,1,0,0,0,0,0,0,1,0,0,1,0,0,0,0,0,160,192,192,192,160,192,160,26400,192,192,160,252,252,252,160,252,160,26460,252,252,192,0,192,252,252,252,1,0,1,0,0,0,1,0,0,0,1,1,1,1,1,1,1,1,1,1,0,0,0,0,0,0,0,0,0,0,0,0,0,0,0,0,0,0,0,0,0,0,0,0,0,0,0,0,0,0,0,0,0,0,0,0,0,0,0,0,0,0,0,0,0,0
1,4,4,1,4,4,984,1,984,4,4,4,1,1,0,0,0,4,4,4,4,0,20,0,0,0,0,0,0,0,0,0,0,0,0,160,168,168,160,168,32420,160,32420,168,168,168,1,1,160,168,168,160,168,36176,160,36176,168,168,168,1,1,1,168,0,168,168,168,168,168,0,0,0,0,0,0,0,0,0,20,20,1,1,1,1,1,1,1,1,1,1,0,0,1,0,0,0,1,1,1,1,1,0,0,0,0,0,0,0,0,0,0,0,0,0,0,0,0,0,0,0,0,0,0,0,0,0,0,1,0,0,0,0,0,0,0,0,0,0,0,0,0,0,0,0,0,0,0,0,0,0,0,0,0,0,0,0,0,0,0,0,0,0,1,1,0,0,1,0,0,0,0,0,0,1,1,0,0,1,1,4,4,4,1,4,1,281,4,4,0,0,0,4,4,4,1,0,1,0,0,0,0,0,0,1,0,0,1,0,0,0,0,0,160,168,168,168,160,168,160,28100,168,168,160,168,168,168,160,168,160,28100,168,168,168,0,168,168,168,168,1,0,1,0,0,0,1,0,0,0,1,1,1,1,1,1,1,1,1,1,0,0,0,0,0,0,0,0,0,0,0,0,0,0,0,0,0,0,0,0,0,0,0,0,0,0,0,0,0,0,0,0,0,0,0,0,0,0,0,0,0,0,0,0,0,0
1,20,20,1,20,20,1000,1,1000,20,20,20,1,1,0,0,0,20,20,20,20,0,20,0,0,0,0,0,0,0,0,0,0,0,0,160,296,296,160,296,34020,160,34020,296,296,296,1,1,160,376,376,160,376,37856,160,37856,376,376,376,1,1,1,296,0,296,376,376,376,376,0,0,0,0,0,0,0,0,0,20,20,1,1,1,1,1,1,1,1,1,1,0,0,1,0,0,0,1,1,1,1,1,0,0,0,0,0,0,0,0,0,0,0,0,0,0,0,0,0,0,0,0,0,0,0,0,0,0,1,0,0,0,0,0,0,0,0,0,0,0,0,0,0,0,0,0,0,0,0,0,0,0,0,0,0,0,0,0,0,0,0,0,0,1,1,0,0,1,0,0,0,0,0,0,1,1,0,0,1,1,20,20,20,1,20,1,297,20,20,0,0,0,20,20,20,1,0,1,0,0,0,0,0,0,1,0,0,1,0,0,0,0,0,160,296,296,296,160,296,160,29700,296,296,160,376,376,376,160,376,160,29780,376,376,296,0,296,376,376,376,1,0,1,0,0,0,1,0,0,0,1,1,1,1,1,1,1,1,1,1,0,0,0,0,0,0,0,0,0,0,0,0,0,0,0,0,0,0,0,0,0,0,0,0,0,0,0,0,0,0,0,0,0,0,0,0,0,0,0,0,0,0,0,0,0,0
1,17,17,1,17,17,1040,1,1040,17,17,17,1,1,0,0,0,17,17,17,17,0,20,0,0,0,0,0,0,0,0,0,0,0,0,160,272,272,160,272,36040,160,36040,272,272,272,1,1,160,292,292,160,292,39816,160,39816,292,292,292,1,1,1,272,0,272,292,292,292,292,0,0,0,0,0,0,0,0,0,20,20,1,1,1,1,1,1,1,1,1,1,0,0,1,0,0,0,1,1,1,1,1,0,0,0,0,0,0,0,0,0,0,0,0,0,0,0,0,0,0,0,0,0,0,0,0,0,0,1,0,0,0,0,0,0,0,0,0,0,0,0,0,0,0,0,0,0,0,0,0,0,0,0,0,0,0,0,0,0,0,0,0,0,1,1,0,0,1,0,0,0,0,0,0,1,1,0,0,1,1,17,17,17,1,17,1,314,17,17,0,0,0,17,17,17,1,0,1,0,0,0,0,0,0,1,0,0,1,0,0,0,0,0,160,272,272,272,160,272,160,31400,272,272,160,292,292,292,160,292,160,31420,292,292,272,0,272,292,292,292,1,0,1,0,0,0,1,0,0,0,1,1,1,1,1,1,1,1,1,1,0,0,0,0,0,0,0,0,0,0,0,0,0,0,0,0,0,0,0,0,0,0,0,0,0,0,0,0,0,0,0,0,0,0,0,0,0,0,0,0,0,0,0,0,0,0
1,13,13,1,13,13,1079,1,1079,13,13,13,1,1,0,0,0,13,13,13,13,0,20,0,0,0,0,0,0,0,0,0,0,0,0,160,240,240,160,240,37960,160,37960,240,240,240,1,1,160,320,320,160,320,41796,160,41796,320,320,320,1,1,1,240,0,240,320,320,320,320,0,0,0,0,0,0,0,0,0,20,20,1,1,1,1,1,1,1,1,1,1,0,0,1,0,0,0,1,1,1,1,1,0,0,0,0,0,0,0,0,0,0,0,0,0,0,0,0,0,0,0,0,0,0,0,0,0,0,1,0,0,0,0,0,0,0,0,0,0,0,0,0,0,0,0,0,0,0,0,0,0,0,0,0,0,0,0,0,0,0,0,0,0,1,1,0,0,1,0,0,0,0,0,0,1,1,0,0,1,1,13,13,13,1,13,1,330,13,13,0,0,0,13,13,13,1,0,1,0,0,0,0,0,0,1,0,0,1,0,0,0,0,0,160,240,240,240,160,240,160,33000,240,240,160,320,320,320,160,320,160,33080,320,320,240,0,240,320,320,320,1,0,1,0,0,0,1,0,0,0,1,1,1,1,1,1,1,1,1,1,0,0,0,0,0,0,0,0,0,0,0,0,0,0,0,0,0,0,0,0,0,0,0,0,0,0,0,0,0,0,0,0,0,0,0,0,0,0,0,0,0,0,0,0,0,0
1,10,10,1,10,10,1119,1,1119,10,10,10,1,1,0,0,0,10,10,10,10,0,20,0,0,0,0,0,0,0,0,0,0,0,0,160,216,216,160,216,39980,160,39980,216,216,216,1,1,160,236,236,160,236,43756,160,43756,236,236,236,1,1,1,216,0,216,236,236,236,236,0,0,0,0,0,0,0,0,0,20,20,1,1,1,1,1,1,1,1,1,1,0,0,1,0,0,0,1,1,1,1,1,0,0,0,0,0,0,0,0,0,0,0,0,0,0,0,0,0,0,0,0,0,0,0,0,0,0,1,0,0,0,0,0,0,0,0,0,0,0,0,0,0,0,0,0,0,0,0,0,0,0,0,0,0,0,0,0,0,0,0,0,0,1,1,0,0,1,0,0,0,0,0,0,1,1,0,0,1,1,10,10,10,1,10,1,347,10,10,0,0,0,10,10,10,1,0,1,0,0,0,0,0,0,1,0,0,1,0,0,0,0,0,160,216,216,216,160,216,160,34700,216,216,160,236,236,236,160,236,160,34720,236,236,216,0,216,236,236,236,1,0,1,0,0,0,1,0,0,0,1,1,1,1,1,1,1,1,1,1,0,0,0,0,0,0,0,0,0,0,0,0,0,0,0,0,0,0,0,0,0,0,0,0,0,0,0,0,0,0,0,0,0,0,0,0,0,0,0,0,0,0,0,0,0,0
1,6,6,1,6,6,1158,1,1158,6,6,6,1,1,0,0,0,6,6,6,6,0,20,0,0,0,0,0,0,0,0,0,0,0,0,160,184,184,160,184,41900,160,41900,184,184,184,1,1,160,264,264,160,264,45736,160,45736,264,264,264,1,1,1,184,0,184,264,264,264,264,0,0,0,0,0,0,0,0,0,20,20,1,1,1,1,1,1,1,1,1,1,0,0,1,0,0,0,1,1,1,1,1,0,0,0,0,0,0,0,0,0,0,0,0,0,0,0,0,0,0,0,0,0,0,0,0,0,0,1,0,0,0,0,0,0,0,0,0,0,0,0,0,0,0,0,0,0,0,0,0,0,0,0,0,0,0,0,0,0,0,0,0,0,1,1,0,0,1,0,0,0,0,0,0,1,1,0,0,1,1,6,6,6,1,6,1,363,6,6,0,0,0,6,6,6,1,0,1,0,0,0,0,0,0,1,0,0,1,0,0,0,0,0,160,184,184,184,160,184,160,36300,184,184,160,264,264,264,160,264,160,36380,264,264,184,0,184,264,264,264,1,0,1,0,0,0,1,0,0,0,1,1,1,1,1,1,1,1,1,1,0,0,0,0,0,0,0,0,0,0,0,0,0,0,0,0,0,0,0,0,0,0,0,0,0,0,0,0,0,0,0,0,0,0,0,0,0,0,0,0,0,0,0,0,0,0
1,3,3,1,3,3,1198,1,1198,3,3,3,1,1,0,0,0,3,3,3,3,0,20,0,0,0,0,0,0,0,0,0,0,0,0,160,160,160,160,160,43920,160,43920,160,160,160,1,1,160,180,180,160,180,47696,160,47696,180,180,180,1,1,1,160,0,160,180,180,180,180,0,0,0,0,0,0,0,0,0,20,20,1,1,1,1,1,1,1,1,1,1,0,0,1,0,0,0,1,1,1,1,1,0,0,0,0,0,0,0,0,0,0,0,0,0,0,0,0,0,0,0,0,0,0,0,0,0,0,1,0,0,0,0,0,0,0,0,0,0,0,0,0,0,0,0,0,0,0,0,0,0,0,0,0,0,0,0,0,0,0,0,0,0,1,1,0,0,1,0,0,0,0,0,0,1,1,0,0,1,1,3,3,3,1,3,1,380,3,3,0,0,0,3,3,3,1,0,1,0,0,0,0,0,0,1,0,0,1,0,0,0,0,0,160,160,160,160,160,160,160,38000,160,160,160,180,180,180,160,180,160,38020,180,180,160,0,160,180,180,180,1,0,1,0,0,0,1,0,0,0,1,1,1,1,1,1,1,1,1,1,0,0,0,0,0,0,0,0,0,0,0,0,0,0,0,0,0,0,0,0,0,0,0,0,0,0,0,0,0,0,0,0,0,0,0,0,0,0,0,0,0,0,0,0,0,0
1,19,19,1,19,19,1214,1,1214,19,19,19,1,1,0,0,0,19,19,19,19,0,100,0,0,0,0,0,0,0,1,1,1,1,1,160,288,288,160,288,45520,160,45520,288,288,288,1,1,160,388,388,160,388,49376,160,49376,388,388,388,1,1,1,288,0,288,388,388,388,388,100,1,1,1,1,1,1,1,1,0,100,0,1,0,0,0,1,0,0,0,0,0,0,1,0,0,0,1,1,1,1,1,0,0,0,0,0,0,0,0,0,0,0,0,0,0,0,0,0,0,0,0,0,0,0,0,0,0,1,0,0,0,0,0,0,0,0,0,0,0,0,0,0,0,0,0,0,0,0,0,0,0,0,0,0,0,0,0,0,0,0,0,0,1,1,0,0,1,0,0,0,0,0,0,1,1,0,0,1,1,19,19,19,1,19,1,396,19,19,0,0,0,19,19,19,1,0,1,0,0,0,0,0,0,0,1,1,1,1,1,1,1,1,160,288,288,288,160,288,160,39600,288,288,160,388,388,388,160,388,160,39700,388,388,288,0,288,388,388,388,1,1,1,1,1,1,1,1,1,1,1,0,1,0,0,0,1,0,0,0,0,0,0,0,0,0,0,0,0,0,0,0,0,0,0,0,0,0,0,0,0,0,0,0,0,0,0,0,0,0,0,0,0,0,0,0,0,0,0,0,0,0,0,0,0,0
1,16,16,1,16,16,1254,1,1254,16,16,16,1,1,0,0,0,16,16,16,16,0,20,0,0,0,0,0,0,0,0,0,0,0,0,160,264,264,160,264,47540,160,47540,264,264,264,1,1,160,304,304,160,304,51336,160,51336,304,304,304,1,1,1,264,0,264,304,304,304,304,0,0,0,0,0,0,0,0,0,20,20,1,1,1,1,1,1,1,1,1,1,0,0,1,0,0,0,1,1,1,1,1,0,0,0,0,0,0,0,0,0,0,0,0,0,0,0,0,0,0,0,0,0,0,0,0,0,0,1,0,0,0,0,0,0,0,0,0,0,0,0,0,0,0,0,0,0,0,0,0,0,0,0,0,0,0,0,0,0,0,0,0,0,1,1,0,0,1,0,0,0,0,0,0,1,1,0,0,1,1,16,16,16,1,16,1,413,16,16,0,0,0,16,16,16,1,0,1,0,0,0,0,0,0,1,0,0,1,0,0,0,0,0,160,264,264,264,160,264,160,41300,264,264,160,304,304,304,160,304,160,41340,304,304,264,0,264,304,304,304,1,0,1,0,0,0,1,0,0,0,1,1,1,1,1,1,1,1,1,1,0,0,0,0,0,0,0,0,0,0,0,0,0,0,0,0,0,0,0,0,0,0,0,0,0,0,0,0,0,0,0,0,0,0,0,0,0,0,0,0,0,0,0,0,0,0
1,12,12,1,12,12,1293,1,1293,12,12,12,1,1,0,0,0,12,12,12,12,0,100,0,0,0,0,0,0,0,1,1,1,1,1,160,232,232,160,232,49460,160,49460,232,232,232,1,1,160,332,332,160,332,53316,160,53316,332,332,332,1,1,1,232,0,232,332,332,332,332,100,1,1,1,1,1,1,1,1,0,100,0,1,0,0,0,1,0,0,0,0,0,0,1,0,0,0,1,1,1,1,1,0,0,0,0,0,0,0,0,0,0,0,0,0,0,0,0,0,0,0,0,0,0,0,0,0,0,1,0,0,0,0,0,0,0,0,0,0,0,0,0,0,0,0,0,0,0,0,0,0,0,0,0,0,0,0,0,0,0,0,0,0,1,1,0,0,1,0,0,0,0,0,0,1,1,0,0,1,1,12,12,12,1,12,1,429,12,12,0,0,0,12,12,12,1,0,1,0,0,0,0,0,0,0,1,1,1,1,1,1,1,1,160,232,232,232,160,232,160,42900,232,232,160,332,332,332,160,332,160,43000,332,332,232,0,232,332,332,332,1,1,1,1,1,1,1,1,1,1,1,0,1,0,0,0,1,0,0,0,0,0,0,0,0,0,0,0,0,0,0,0,0,0,0,0,0,0,0,0,0,0,0,0,0,0,0,0,0,0,0,0,0,0,0,0,0,0,0,0,0,0,0,0,0,0
1,9,9,1,9,9,1333,1,1333,9,9,9,1,1,0,0,0,9,9,9,9,0,20,0,0,0,0,0,0,0,0,0,0,0,0,160,208,208,160,208,51480,160,51480,208,208,208,1,1,160,248,248,160,248,55276,160,55276,248,248,248,1,1,1,208,0,208,248,248,248,248,0,0,0,0,0,0,0,0,0,20,20,1,1,1,1,1,1,1,1,1,1,0,0,1,0,0,0,1,1,1,1,1,0,0,0,0,0,0,0,0,0,0,0,0,0,0,0,0,0,0,0,0,0,0,0,0,0,0,1,0,0,0,0,0,0,0,0,0,0,0,0,0,0,0,0,0,0,0,0,0,0,0,0,0,0,0,0,0,0,0,0,0,0,1,1,0,0,1,0,0,0,0,0,0,1,1,0,0,1,1,9,9,9,1,9,1,446,9,9,0,0,0,9,9,9,1,0,1,0,0,0,0,0,0,1,0,0,1,0,0,0,0,0,160,208,208,208,160,208,160,44600,208,208,160,248,248,248,160,248,160,44640,248,248,208,0,208,248,248,248,1,0,1,0,0,0,1,0,0,0,1,1,1,1,1,1,1,1,1,1,0,0,0,0,0,0,0,0,0,0,0,0,0,0,0,0,0,0,0,0,0,0,0,0,0,0,0,0,0,0,0,0,0,0,0,0,0,0,0,0,0,0,0,0,0,0
1,5,5,1,5,5,1372,1,1372,5,5,5,1,1,0,0,0,5,5,5,5,0,100,0,0,0,0,0,0,0,1,1,1,1,1,160,176,176,160,176,53400,160,53400,176,176,176,1,1,160,276,276,160,276,57256,160,57256,276,276,276,1,1,1,176,0,176,276,276,276,276,100,1,1,1,1,1,1,1,1,0,100,0,1,0,0,0,1,0,0,0,0,0,0,1,0,0,0,1,1,1,1,1,0,0,0,0,0,0,0,0,0,0,0,0,0,0,0,0,0,0,0,0,0,0,0,0,0,0,1,0,0,0,0,0,0,0,0,0,0,0,0,0,0,0,0,0,0,0,0,0,0,0,0,0,0,0,0,0,0,0,0,0,0,1,1,0,0,1,0,0,0,0,0,0,1,1,0,0,1,1,5,5,5,1,5,1,462,5,5,0,0,0,5,5,5,1,0,1,0,0,0,0,0,0,0,1,1,1,1,1,1,1,1,160,176,176,176,160,176,160,46200,176,176,160,276,276,276,160,276,160,46300,276,276,176,0,176,276,276,276,1,1,1,1,1,1,1,1,1,1,1,0,1,0,0,0,1,0,0,0,0,0,0,0,0,0,0,0,0,0,0,0,0,0,0,0,0,0,0,0,0,0,0,0,0,0,0,0,0,0,0,0,0,0,0,0,0,0,0,0,0,0,0,0,0,0
1,22,22,1,22,22,1389,1,1389,22,22,22,1,1,0,0,0,22,22,22,22,0,20,0,0,0,0,0,0,0,0,0,0,0,0,160,312,312,160,312,55100,160,55100,312,312,312,1,1,160,372,372,160,372,58916,160,58916,372,372,372,1,1,1,312,0,312,372,372,372,372,0,0,0,0,0,0,0,0,0,20,20,1,1,1,1,1,1,1,1,1,1,0,0,1,0,0,0,1,1,1,1,1,0,0,0,0,0,0,0,0,0,0,0,0,0,0,0,0,0,0,0,0,0,0,0,0,0,0,1,0,0,0,0,0,0,0,0,0,0,0,0,0,0,0,0,0,0,0,0,0,0,0,0,0,0,0,0,0,0,0,0,0,0,1,1,0,0,1,0,0,0,0,0,0,1,1,0,0,1,1,22,22,22,1,22,1,479,22,22,0,0,0,22,22,22,1,0,1,0,0,0,0,0,0,1,0,0,1,0,0,0,0,0,160,312,312,312,160,312,160,47900,312,312,160,372,372,372,160,372,160,47960,372,372,312,0,312,372,372,372,1,0,1,0,0,0,1,0,0,0,1,1,1,1,1,1,1,1,1,1,0,0,0,0,0,0,0,0,0,0,0,0,0,0,0,0,0,0,0,0,0,0,0,0,0,0,0,0,0,0,0,0,0,0,0,0,0,0,0,0,0,0,0,0,0,0
1,19,19,1,19,19,1429,1,1429,19,19,19,1,1,0,0,0,19,19,19,19,0,20,0,0,0,0,0,0,0,0,0,0,0,0,160,288,288,160,288,57120,160,57120,288,288,288,1,1,160,288,288,160,288,60876,160,60876,288,288,288,1,1,1,288,0,288,288,288,288,288,0,0,0,0,0,0,0,0,0,20,20,1,1,1,1,1,1,1,1,1,1,0,0,1,0,0,0,1,1,1,1,1,0,0,0,0,0,0,0,0,0,0,0,0,0,0,0,0,0,0,0,0,0,0,0,0,0,0,1,0,0,0,0,0,0,0,0,0,0,0,0,0,0,0,0,0,0,0,0,0,0,0,0,0,0,0,0,0,0,0,0,0,0,1,1,0,0,1,0,0,0,0,0,0,1,1,0,0,1,1,19,19,19,1,19,1,496,19,19,0,0,0,19,19,19,1,0,1,0,0,0,0,0,0,1,0,0,1,0,0,0,0,0,160,288,288,288,160,288,160,49600,288,288,160,288,288,288,160,288,160,49600,288,288,288,0,288,288,288,288,1,0,1,0,0,0,1,0,0,0,1,1,1,1,1,1,1,1,1,1,0,0,0,0,0,0,0,0,0,0,0,0,0,0,0,0,0,0,0,0,0,0,0,0,0,0,0,0,0,0,0,0,0,0,0,0,0,0,0,0,0,0,0,0,0,0
1,15,15,1,15,15,1468,1,1468,15,15,15,1,1,0,0,0,15,15,15,15,0,20,0,0,0,0,0,0,0,0,0,0,0,0,160,256,256,160,256,59040,160,59040,256,256,256,1,1,160,316,316,160,316,62856,160,62856,316,316,316,1,1,1,256,0,256,316,316,316,316,0,0,0,0,0,0,0,0,0,20,20,1,1,1,1,1,1,1,1,1,1,0,0,1,0,0,0,1,1,1,1,1,0,0,0,0,0,0,0,0,0,0,0,0,0,0,0,0,0,0,0,0,0,0,0,0,0,0,1,0,0,0,0,0,0,0,0,0,0,0,0,0,0,0,0,0,0,0,0,0,0,0,0,0,0,0,0,0,0,0,0,0,0,1,1,0,0,1,0,0,0,0,0,0,1,1,0,0,1,1,15,15,15,1,15,1,512,15,15,0,0,0,15,15,15,1,0,1,0,0,0,0,0,0,1,0,0,1,0,0,0,0,0,160,256,256,256,160,256,160,51200,256,256,160,316,316,316,160,316,160,51260,316,316,256,0,256,316,316,316,1,0,1,0,0,0,1,0,0,0,1,1,1,1,1,1,1,1,1,1,0,0,0,0,0,0,0,0,0,0,0,0,0,0,0,0,0,0,0,0,0,0,0,0,0,0,0,0,0,0,0,0,0,0,0,0,0,0,0,0,0,0,0,0,0,0
1,12,12,1,12,12,1508,1,1508,12,12,12,1,1,0,0,0,12,12,12,12,0,20,0,0,0,0,0,0,0,0,0,0,0,0,160,232,232,160,232,61060,160,61060,232,232,232,1,1,160,232,232,160,232,64816,160,64816,232,232,232,1,1,1,232,0,232,232,232,232,232,0,0,0,0,0,0,0,0,0,20,20,1,1,1,1,1,1,1,1,1,1,0,0,1,0,0,0,1,1,1,1,1,0,0,0,0,0,0,0,0,0,0,0,0,0,0,0,0,0,0,0,0,0,0,0,0,0,0,1,0,0,0,0,0,0,0,0,0,0,0,0,0,0,0,0,0,0,0,0,0,0,0,0,0,0,0,0,0,0,0,0,0,0,1,1,0,0,1,0,0,0,0,0,0,1,1,0,0,1,1,12,12,12,1,12,1,529,12,12,0,0,0,12,12,12,1,0,1,0,0,0,0,0,0,1,0,0,1,0,0,0,0,0,160,232,232,232,160,232,160,52900,232,232,160,232,232,232,160,232,160,52900,232,232,232,0,232,232,232,232,1,0,1,0,0,0,1,0,0,0,1,1,1,1,1,1,1,1,1,1,0,0,0,0,0,0,0,0,0,0,0,0,0,0,0,0,0,0,0,0,0,0,0,0,0,0,0,0,0,0,0,0,0,0,0,0,0,0,0,0,0,0,0,0,0,0
1,8,8,1,8,8,1547,1,1547,8,8,8,1,1,0,0,0,8,8,8,8,0,20,0,0,0,0,0,0,0,0,0,0,0,0,160,200,200,160,200,62980,160,62980,200,200,200,1,1,160,260,260,160,260,66796,160,66796,260,260,260,1,1,1,200,0,200,260,260,260,260,0,0,0,0,0,0,0,0,0,20,20,1,1,1,1,1,1,1,1,1,1,0,0,1,0,0,0,1,1,1,1,1,0,0,0,0,0,0,0,0,0,0,0,0,0,0,0,0,0,0,0,0,0,0,0,0,0,0,1,0,0,0,0,0,0,0,0,0,0,0,0,0,0,0,0,0,0,0,0,0,0,0,0,0,0,0,0,0,0,0,0,0,0,1,1,0,0,1,0,0,0,0,0,0,1,1,0,0,1,1,8,8,8,1,8,1,545,8,8,0,0,0,8,8,8,1,0,1,0,0,0,0,0,0,1,0,0,1,0,0,0,0,0,160,200,200,200,160,200,160,54500,200,200,160,260,260,260,160,260,160,54560,260,260,200,0,200,260,260,260,1,0,1,0,0,0,1,0,0,0,1,1,1,1,1,1,1,1,1,1,0,0,0,0,0,0,0,0,0,0,0,0,0,0,0,0,0,0,0,0,0,0,0,0,0,0,0,0,0,0,0,0,0,0,0,0,0,0,0,0,0,0,0,0,0,0
1,5,5,1,5,5,1587,1,1587,5,5,5,1,1,0,0,0,5,5,5,5,0,20,0,0,0,0,0,0,0,0,0,0,0,0,160,176,176,160,176,65000,160,65000,176,176,176,1,1,160,176,176,160,176,68756,160,68756,176,176,176,1,1,1,176,0,176,176,176,176,176,0,0,0,0,0,0,0,0,0,20,20,1,1,1,1,1,1,1,1,1,1,0,0,1,0,0,0,1,1,1,1,1,0,0,0,0,0,0,0,0,0,0,0,0,0,0,0,0,0,0,0,0,0,0,0,0,0,0,1,0,0,0,0,0,0,0,0,0,0,0,0,0,0,0,0,0,0,0,0,0,0,0,0,0,0,0,0,0,0,0,0,0,0,1,1,0,0,1,0,0,0,0,0,0,1,1,0,0,1,1,5,5,5,1,5,1,562,5,5,0,0,0,5,5,5,1,0,1,0,0,0,0,0,0,1,0,0,1,0,0,0,0,0,160,176,176,176,160,176,160,56200,176,176,160,176,176,176,160,176,160,56200,176,176,176,0,176,176,176,176,1,0,1,0,0,0,1,0,0,0,1,1,1,1,1,1,1,1,1,1,0,0,0,0,0,0,0,0,0,0,0,0,0,0,0,0,0,0,0,0,0,0,0,0,0,0,0,0,0,0,0,0,0,0,0,0,0,0,0,0,0,0,0,0,0,0
1,21,21,1,21,21,1603,1,1603,21,21,21,1,1,0,0,0,21,21,21,21,0,20,0,0,0,0,0,0,0,0,0,0,0,0,160,304,304,160,304,66600,160,66600,304,304,304,1,1,160,384,384,160,384,70436,160,70436,384,384,384,1,1,1,304,0,304,384,384,384,384,0,0,0,0,0,0,0,0,0,20,20,1,1,1,1,1,1,1,1,1,1,0,0,1,0,0,0,1,1,1,1,1,0,0,0,0,0,0,0,0,0,0,0,0,0,0,0,0,0,0,0,0,0,0,0,0,0,0,1,0,0,0,0,0,0,0,0,0,0,0,0,0,0,0,0,0,0,0,0,0,0,0,0,0,0,0,0,0,0,0,0,0,0,1,1,0,0,1,0,0,0,0,0,0,1,1,0,0,1,1,21,21,21,1,21,1,578,21,21,0,0,0,21,21,21,1,0,1,0,0,0,0,0,0,1,0,0,1,0,0,0,0,0,160,304,304,304,160,304,160,57800,304,304,160,384,384,384,160,384,160,57880,384,384,304,0,304,384,384,384,1,0,1,0,0,0,1,0,0,0,1,1,1,1,1,1,1,1,1,1,0,0,0,0,0,0,0,0,0,0,0,0,0,0,0,0,0,0,0,0,0,0,0,0,0,0,0,0,0,0,0,0,0,0,0,0,0,0,0,0,0,0,0,0,0,0
1,18,18,1,18,18,1643,1,1643,18,18,18,1,1,0,0,0,18,18,18,18,0,20,0,0,0,0,0,0,0,0,0,0,0,0,160,280,280,160,280,68620,160,68620,280,280,280,1,1,160,300,300,160,300,72396,160,72396,300,300,300,1,1,1,280,0,280,300,300,300,300,0,0,0,0,0,0,0,0,0,20,20,1,1,1,1,1,1,1,1,1,1,0,0,1,0,0,0,1,1,1,1,1,0,0,0,0,0,0,0,0,0,0,0,0,0,0,0,0,0,0,0,0,0,0,0,0,0,0,1,0,0,0,0,0,0,0,0,0,0,0,0,0,0,0,0,0,0,0,0,0,0,0,0,0,0,0,0,0,0,0,0,0,0,1,1,0,0,1,0,0,0,0,0,0,1,1,0,0,1,1,18,18,18,1,18,1,595,18,18,0,0,0,18,18,18,1,0,1,0,0,0,0,0,0,1,0,0,1,0,0,0,0,0,160,280,280,280,160,280,160,59500,280,280,160,300,300,300,160,300,160,59520,300,300,280,0,280,300,300,300,1,0,1,0,0,0,1,0,0,0,1,1,1,1,1,1,1,1,1,1,0,0,0,0,0,0,0,0,0,0,0,0,0,0,0,0,0,0,0,0,0,0,0,0,0,0,0,0,0,0,0,0,0,0,0,0,0,0,0,0,0,0,0,0,0,0
1,14,14,1,14,14,1682,1,1682,14,14,14,1,1,0,0,0,14,14,14,14,0,20,0,0,0,0,0,0,0,0,0,0,0,0,160,248,248,160,248,70540,160,70540,248,248,248,1,1,160,328,328,160,328,74376,160,74376,328,328,328,1,1,1,248,0,248,328,328,328,328,0,0,0,0,0,0,0,0,0,20,20,1,1,1,1,1,1,1,1,1,1,0,0,1,0,0,0,1,1,1,1,1,0,0,0,0,0,0,0,0,0,0,0,0,0,0,0,0,0,0,0,0,0,0,0,0,0,0,1,0,0,0,0,0,0,0,0,0,0,0,0,0,0,0,0,0,0,0,0,0,0,0,0,0,0,0,0,0,0,0,0,0,0,1,1,0,0,1,0,0,0,0,0,0,1,1,0,0,1,1,14,14,14,1,14,1,611,14,14,0,0,0,14,14,14,1,0,1,0,0,0,0,0,0,1,0,0,1,0,0,0,0,0,160,248,248,248,160,248,160,61100,248,248,160,328,328,328,160,328,160,61180,328,328,248,0,248,328,328,328,1,0,1,0,0,0,1,0,0,0,1,1,1,1,1,1,1,1,1,1,0,0,0,0,0,0,0,0,0,0,0,0,0,0,0,0,0,0,0,0,0,0,0,0,0,0,0,0,0,0,0,0,0,0,0,0,0,0,0,0,0,0,0,0,0,0
1,11,11,1,11,11,1722,1,1722,11,11,11,1,1,0,0,0,11,11,11,11,0,20,0,0,0,0,0,0,0,0,0,0,0,0,160,224,224,160,224,72560,160,72560,224,224,224,1,1,160,244,244,160,244,76336,160,76336,244,244,244,1,1,1,224,0,224,244,244,244,244,0,0,0,0,0,0,0,0,0,20,20,1,1,1,1,1,1,1,1,1,1,0,0,1,0,0,0,1,1,1,1,1,0,0,0,0,0,0,0,0,0,0,0,0,0,0,0,0,0,0,0,0,0,0,0,0,0,0,1,0,0,0,0,0,0,0,0,0,0,0,0,0,0,0,0,0,0,0,0,0,0,0,0,0,0,0,0,0,0,0,0,0,0,1,1,0,0,1,0,0,0,0,0,0,1,1,0,0,1,1,11,11,11,1,11,1,628,11,11,0,0,0,11,11,11,1,0,1,0,0,0,0,0,0,1,0,0,1,0,0,0,0,0,160,224,224,224,160,224,160,62800,224,224,160,244,244,244,160,244,160,62820,244,244,224,0,224,244,244,244,1,0,1,0,0,0,1,0,0,0,1,1,1,1,1,1,1,1,1,1,0,0,0,0,0,0,0,0,0,0,0,0,0,0,0,0,0,0,0,0,0,0,0,0,0,0,0,0,0,0,0,0,0,0,0,0,0,0,0,0,0,0,0,0,0,0
1,7,7,1,7,7,1761,1,1761,7,7,7,1,1,0,0,0,7,7,7,7,0,20,0,0,0,0,0,0,0,0,0,0,0,0,160,192,192,160,192,74480,160,74480,192,192,192,1,1,160,272,272,160,272,78316,160,78316,272,272,272,1,1,1,192,0,192,272,272,272,272,0,0,0,0,0,0,0,0,0,20,20,1,1,1,1,1,1,1,1,1,1,0,0,1,0,0,0,1,1,1,1,1,0,0,0,0,0,0,0,0,0,0,0,0,0,0,0,0,0,0,0,0,0,0,0,0,0,0,1,0,0,0,0,0,0,0,0,0,0,0,0,0,0,0,0,0,0,0,0,0,0,0,0,0,0,0,0,0,0,0,0,0,0,1,1,0,0,1,0,0,0,0,0,0,1,1,0,0,1,1,7,7,7,1,7,1,644,7,7,0,0,0,7,7,7,1,0,1,0,0,0,0,0,0,1,0,0,1,0,0,0,0,0,160,192,192,192,160,192,160,64400,192,192,160,272,272,272,160,272,160,64480,272,272,192,0,192,272,272,272,1,0,1,0,0,0,1,0,0,0,1,1,1,1,1,1,1,1,1,1,0,0,0,0,0,0,0,0,0,0,0,0,0,0,0,0,0,0,0,0,0,0,0,0,0,0,0,0,0,0,0,0,0,0,0,0,0,0,0,0,0,0,0,0,0,0
1,4,4,1,4,4,1801,1,1801,4,4,4,1,1,0,0,0,4,4,4,4,0,20,0,0,0,0,0,0,0,0,0,0,0,0,160,168,168,160,168,76500,160,76500,168,168,168,1,1,160,188,188,160,188,80276,160,80276,188,188,188,1,1,1,168,0,168,188,188,188,188,0,0,0,0,0,0,0,0,0,20,20,1,1,1,1,1,1,1,1,1,1,0,0,1,0,0,0,1,1,1,1,1,0,0,0,0,0,0,0,0,0,0,0,0,0,0,0,0,0,0,0,0,0,0,0,0,0,0,1,0,0,0,0,0,0,0,0,0,0,0,0,0,0,0,0,0,0,0,0,0,0,0,0,0,0,0,0,0,0,0,0,0,0,1,1,0,0,1,0,0,0,0,0,0,1,1,0,0,1,1,4,4,4,1,4,1,661,4,4,0,0,0,4,4,4,1,0,1,0,0,0,0,0,0,1,0,0,1,0,0,0,0,0,160,168,168,168,160,168,160,66100,168,168,160,188,188,188,160,188,160,66120,188,188,168,0,168,188,188,188,1,0,1,0,0,0,1,0,0,0,1,1,1,1,1,1,1,1,1,1,0,0,0,0,0,0,0,0,0,0,0,0,0,0,0,0,0,0,0,0,0,0,0,0,0,0,0,0,0,0,0,0,0,0,0,0,0,0,0,0,0,0,0,0,0,0
1,20,20,1,20,20,1817,1,1817,20,20,20,1,1,0,0,0,20,20,20,20,0,100,0,0,0,0,0,0,0,1,1,1,1,1,160,296,296,160,296,78100,160,78100,296,296,296,1,1,160,396,396,160,396,81956,160,81956,396,396,396,1,1,1,296,0,296,396,396,396,396,100,1,1,1,1,1,1,1,1,0,100,0,1,0,0,0,1,0,0,0,0,0,0,1,0,0,0,1,1,1,1,1,0,0,0,0,0,0,0,0,0,0,0,0,0,0,0,0,0,0,0,0,0,0,0,0,0,0,1,0,0,0,0,0,0,0,0,0,0,0,0,0,0,0,0,0,0,0,0,0,0,0,0,0,0,0,0,0,0,0,0,0,0,1,1,0,0,1,0,0,0,0,0,0,1,1,0,0,1,1,20,20,20,1,20,1,677,20,20,0,0,0,20,20,20,1,0,1,0,0,0,0,0,0,0,1,1,1,1,1,1,1,1,160,296,296,296,160,296,160,67700,296,296,160,396,396,396,160,396,160,67800,396,396,296,0,296,396,396,396,1,1,1,1,1,1,1,1,1,1,1,0,1,0,0,0,1,0,0,0,0,0,0,0,0,0,0,0,0,0,0,0,0,0,0,0,0,0,0,0,0,0,0,0,0,0,0,0,0,0,0,0,0,0,0,0,0,0,0,0,0,0,0,0,0,0
1,17,17,1,17,17,1857,1,1857,17,17,17,1,1,0,0,0,17,17,17,17,0,20,0,0,0,0,0,0,0,0,0,0,0,0,160,272,272,160,272,80120,160,80120,272,272,272,1,1,160,312,312,160,312,83916,160,83916,312,312,312,1,1,1,272,0,272,312,312,312,312,0,0,0,0,0,0,0,0,0,20,20,1,1,1,1,1,1,1,1,1,1,0,0,1,0,0,0,1,1,1,1,1,0,0,0,0,0,0,0,0,0,0,0,0,0,0,0,0,0,0,0,0,0,0,0,0,0,0,1,0,0,0,0,0,0,0,0,0,0,0,0,0,0,0,0,0,0,0,0,0,0,0,0,0,0,0,0,0,0,0,0,0,0,1,1,0,0,1,0,0,0,0,0,0,1,1,0,0,1,1,17,17,17,1,17,1,694,17,17,0,0,0,17,17,17,1,0,1,0,0,0,0,0,0,1,0,0,1,0,0,0,0,0,160,272,272,272,160,272,160,69400,272,272,160,312,312,312,160,312,160,69440,312,312,272,0,272,312,312,312,1,0,1,0,0,0,1,0,0,0,1,1,1,1,1,1,1,1,1,1,0,0,0,0,0,0,0,0,0,0,0,0,0,0,0,0,0,0,0,0,0,0,0,0,0,0,0,0,0,0,0,0,0,0,0,0,0,0,0,0,0,0,0,0,0,0
1,13,13,1,13,13,1896,1,1896,13,13,13,1,1,0,0,0,13,13,13,13,0,100,0,0,0,0,0,0,0,1,1,1,1,1,160,240,240,160,240,82040,160,82040,240,240,240,1,1,160,340,340,160,340,85896,160,85896,340,340,340,1,1,1,240,0,240,340,340,340,340,100,1,1,1,1,1,1,1,1,0,100,0,1,0,0,0,1,0,0,0,0,0,0,1,0,0,0,1,1,1,1,1,0,0,0,0,0,0,0,0,0,0,0,0,0,0,0,0,0,0,0,0,0,0,0,0,0,0,1,0,0,0,0,0,0,0,0,0,0,0,0,0,0,0,0,0,0,0,0,0,0,0,0,0,0,0,0,0,0,0,0,0,0,1,1,0,0,1,0,0,0,0,0,0,1,1,0,0,1,1,13,13,13,1,13,1,710,13,13,0,0,0,13,13,13,1,0,1,0,0,0,0,0,0,0,1,1,1,1,1,1,1,1,160,240,240,240,160,240,160,71000,240,240,160,340,340,340,160,340,160,71100,340,340,240,0,240,340,340,340,1,1,1,1,1,1,1,1,1,1,1,0,1,0,0,0,1,0,0,0,0,0,0,0,0,0,0,0,0,0,0,0,0,0,0,0,0,0,0,0,0,0,0,0,0,0,0,0,0,0,0,0,0,0,0,0,0,0,0,0,0,0,0,0,0,0
1,10,10,1,10,10,1936,1,1936,10,10,10,1,1,0,0,0,10,10,10,10,0,20,0,0,0,0,0,0,0,0,0,0,0,0,160,216,216,160,216,84060,160,84060,216,216,216,1,1,160,256,256,160,256,87856,160,87856,256,256,256,1,1,1,216,0,216,256,256,256,256,0,0,0,0,0,0,0,0,0,20,20,1,1,1,1,1,1,1,1,1,1,0,0,1,0,0,0,1,1,1,1,1,0,0,0,0,0,0,0,0,0,0,0,0,0,0,0,0,0,0,0,0,0,0,0,0,0,0,1,0,0,0,0,0,0,0,0,0,0,0,0,0,0,0,0,0,0,0,0,0,0,0,0,0,0,0,0,0,0,0,0,0,0,1,1,0,0,1,0,0,0,0,0,0,1,1,0,0,1,1,10,10,10,1,10,1,727,10,10,0,0,0,10,10,10,1,0,1,0,0,0,0,0,0,1,0,0,1,0,0,0,0,0,160,216,216,216,160,216,160,72700,216,216,160,256,256,256,160,256,160,72740,256,256,216,0,216,256,256,256,1,0,1,0,0,0,1,0,0,0,1,1,1,1,1,1,1,1,1,1,0,0,0,0,0,0,0,0,0,0,0,0,0,0,0,0,0,0,0,0,0,0,0,0,0,0,0,0,0,0,0,0,0,0,0,0,0,0,0,0,0,0,0,0,0,0
1,6,6,1,6,6,1975,1,1975,6,6,6,1,1,0,0,0,6,6,6,6,0,100,0,0,0,0,0,0,0,1,1,1,1,1,160,184,184,160,184,85980,160,85980,184,184,184,1,1,160,284,284,160,284,89836,160,89836,284,284,284,1,1,1,184,0,184,284,284,284,284,100,1,1,1,1,1,1,1,1,0,100,0,1,0,0,0,1,0,0,0,0,0,0,1,0,0,0,1,1,1,1,1,0,0,0,0,0,0,0,0,0,0,0,0,0,0,0,0,0,0,0,0,0,0,0,0,0,0,1,0,0,0,0,0,0,0,0,0,0,0,0,0,0,0,0,0,0,0,0,0,0,0,0,0,0,0,0,0,0,0,0,0,0,1,1,0,0,1,0,0,0,0,0,0,1,1,0,0,1,1,6,6,6,1,6,1,743,6,6,0,0,0,6,6,6,1,0,1,0,0,0,0,0,0,0,1,1,1,1,1,1,1,1,160,184,184,184,160,184,160,74300,184,184,160,284,284,284,160,284,160,74400,284,284,184,0,184,284,284,284,1,1,1,1,1,1,1,1,1,1,1,0,1,0,0,0,1,0,0,0,0,0,0,0,0,0,0,0,0,0,0,0,0,0,0,0,0,0,0,0,0,0,0,0,0,0,0,0,0,0,0,0,0,0,0,0,0,0,0,0,0,0,0,0,0,0
1,3,3,1,3,3,2015,1,2015,3,3,3,1,1,0,0,0,3,3,3,3,0,20,0,0,0,0,0,0,0,0,0,0,0,0,160,160,160,160,160,88000,160,88000,160,160,160,1,1,160,200,200,160,200,91796,160,91796,200,200,200,1,1,1,160,0,160,200,200,200,200,0,0,0,0,0,0,0,0,0,20,20,1,1,1,1,1,1,1,1,1,1,0,0,1,0,0,0,1,1,1,1,1,0,0,0,0,0,0,0,0,0,0,0,0,0,0,0,0,0,0,0,0,0,0,0,0,0,0,1,0,0,0,0,0,0,0,0,0,0,0,0,0,0,0,0,0,0,0,0,0,0,0,0,0,0,0,0,0,0,0,0,0,0,1,1,0,0,1,0,0,0,0,0,0,1,1,0,0,1,1,3,3,3,1,3,1,760,3,3,0,0,0,3,3,3,1,0,1,0,0,0,0,0,0,1,0,0,1,0,0,0,0,0,160,160,160,160,160,160,160,76000,160,160,160,200,200,200,160,200,160,76040,200,200,160,0,160,200,200,200,1,0,1,0,0,0,1,0,0,0,1,1,1,1,1,1,1,1,1,1,0,0,0,0,0,0,0,0,0,0,0,0,0,0,0,0,0,0,0,0,0,0,0,0,0,0,0,0,0,0,0,0,0,0,0,0,0,0,0,0,0,0,0,0,0,0
1,20,20,1,20,20,2032,1,2032,20,20,20,1,1,0,0,0,20,20,20,20,0,20,0,0,0,0,0,0,0,0,0,0,0,0,160,296,296,160,296,89700,160,89700,296,296,296,1,1,160,296,296,160,296,93456,160,93456,296,296,296,1,1,1,296,0,296,296,296,296,296,0,0,0,0,0,0,0,0,0,20,20,1,1,1,1,1,1,1,1,1,1,0,0,1,0,0,0,1,1,1,1,1,0,0,0,0,0,0,0,0,0,0,0,0,0,0,0,0,0,0,0,0,0,0,0,0,0,0,1,0,0,0,0,0,0,0,0,0,0,0,0,0,0,0,0,0,0,0,0,0,0,0,0,0,0,0,0,0,0,0,0,0,0,1,1,0,0,1,0,0,0,0,0,0,1,1,0,0,1,1,20,20,20,1,20,1,777,20,20,0,0,0,20,20,20,1,0,1,0,0,0,0,0,0,1,0,0,1,0,0,0,0,0,160,296,296,296,160,296,160,77700,296,296,160,296,296,296,160,296,160,77700,296,296,296,0,296,296,296,296,1,0,1,0,0,0,1,0,0,0,1,1,1,1,1,1,1,1,1,1,0,0,0,0,0,0,0,0,0,0,0,0,0,0,0,0,0,0,0,0,0,0,0,0,0,0,0,0,0,0,0,0,0,0,0,0,0,0,0,0,0,0,0,0,0,0
1,16,16,1,16,16,2071,1,2071,16,16,16,1,1,0,0,0,16,16,16,16,0,20,0,0,0,0,0,0,0,0,0,0,0,0,160,264,264,160,264,91620,160,91620,264,264,264,1,1,160,324,324,160,324,95436,160,95436,324,324,324,1,1,1,264,0,264,324,324,324,324,0,0,0,0,0,0,0,0,0,20,20,1,1,1,1,1,1,1,1,1,1,0,0,1,0,0,0,1,1,1,1,1,0,0,0,0,0,0,0,0,0,0,0,0,0,0,0,0,0,0,0,0,0,0,0,0,0,0,1,0,0,0,0,0,0,0,0,0,0,0,0,0,0,0,0,0,0,0,0,0,0,0,0,0,0,0,0,0,0,0,0,0,0,1,1,0,0,1,0,0,0,0,0,0,1,1,0,0,1,1,16,16,16,1,16,1,793,16,16,0,0,0,16,16,16,1,0,1,0,0,0,0,0,0,1,0,0,1,0,0,0,0,0,160,264,264,264,160,264,160,79300,264,264,160,324,324,324,160,324,160,79360,324,324,264,0,264,324,324,324,1,0,1,0,0,0,1,0,0,0,1,1,1,1,1,1,1,1,1,1,0,0,0,0,0,0,0,0,0,0,0,0,0,0,0,0,0,0,0,0,0,0,0,0,0,0,0,0,0,0,0,0,0,0,0,0,0,0,0,0,0,0,0,0,0,0
1,13,13,1,13,13,2111,1,2111,13,13,13,1,1,0,0,0,13,13,13,13,0,20,0,0,0,0,0,0,0,0,0,0,0,0,160,240,240,160,240,93640,160,93640,240,240,240,1,1,160,240,240,160,240,97396,160,97396,240,240,240,1,1,1,240,0,240,240,240,240,240,0,0,0,0,0,0,0,0,0,20,20,1,1,1,1,1,1,1,1,1,1,0,0,1,0,0,0,1,1,1,1,1,0,0,0,0,0,0,0,0,0,0,0,0,0,0,0,0,0,0,0,0,0,0,0,0,0,0,1,0,0,0,0,0,0,0,0,0,0,0,0,0,0,0,0,0,0,0,0,0,0,0,0,0,0,0,0,0,0,0,0,0,0,1,1,0,0,1,0,0,0,0,0,0,1,1,0,0,1,1,13,13,13,1,13,1,810,13,13,0,0,0,13,13,13,1,0,1,0,0,0,0,0,0,1,0,0,1,0,0,0,0,0,160,240,240,240,160,240,160,81000,240,240,160,240,240,240,160,240,160,81000,240,240,240,0,240,240,240,240,1,0,1,0,0,0,1,0,0,0,1,1,1,1,1,1,1,1,1,1,0,0,0,0,0,0,0,0,0,0,0,0,0,0,0,0,0,0,0,0,0,0,0,0,0,0,0,0,0,0,0,0,0,0,0,0,0,0,0,0,0,0,0,0,0,0
1,9,9,1,9,9,2150,1,2150,9,9,9,1,1,0,0,0,9,9,9,9,0,20,0,0,0,0,0,0,0,0,0,0,0,0,160,208,208,160,208,95560,160,95560,208,208,208,1,1,160,268,268,160,268,99376,160,99376,268,268,268,1,1,1,208,0,208,268,268,268,268,0,0,0,0,0,0,0,0,0,20,20,1,1,1,1,1,1,1,1,1,1,0,0,1,0,0,0,1,1,1,1,1,0,0,0,0,0,0,0,0,0,0,0,0,0,0,0,0,0,0,0,0,0,0,0,0,0,0,1,0,0,0,0,0,0,0,0,0,0,0,0,0,0,0,0,0,0,0,0,0,0,0,0,0,0,0,0,0,0,0,0,0,0,1,1,0,0,1,0,0,0,0,0,0,1,1,0,0,1,1,9,9,9,1,9,1,826,9,9,0,0,0,9,9,9,1,0,1,0,0,0,0,0,0,1,0,0,1,0,0,0,0,0,160,208,208,208,160,208,160,82600,208,208,160,268,268,268,160,268,160,82660,268,268,208,0,208,268,268,268,1,0,1,0,0,0,1,0,0,0,1,1,1,1,1,1,1,1,1,1,0,0,0,0,0,0,0,0,0,0,0,0,0,0,0,0,0,0,0,0,0,0,0,0,0,0,0,0,0,0,0,0,0,0,0,0,0,0,0,0,0,0,0,0,0,0
1,6,6,1,6,6,2190,1,2190,6,6,6,1,1,0,0,0,6,6,6,6,0,20,0,0,0,0,0,0,0,0,0,0,0,0,160,184,184,160,184,97580,160,97580,184,184,184,1,1,160,184,184,160,184,101336,160,101336,184,184,184,1,1,1,184,0,184,184,184,184,184,0,0,0,0,0,0,0,0,0,20,20,1,1,1,1,1,1,1,1,1,1,0,0,1,0,0,0,1,1,1,1,1,0,0,0,0,0,0,0,0,0,0,0,0,0,0,0,0,0,0,0,0,0,0,0,0,0,0,1,0,0,0,0,0,0,0,0,0,0,0,0,0,0,0,0,0,0,0,0,0,0,0,0,0,0,0,0,0,0,0,0,0,0,1,1,0,0,1,0,0,0,0,0,0,1,1,0,0,1,1,6,6,6,1,6,1,843,6,6,0,0,0,6,6,6,1,0,1,0,0,0,0,0,0,1,0,0,1,0,0,0,0,0,160,184,184,184,160,184,160,84300,184,184,160,184,184,184,160,184,160,84300,184,184,184,0,184,184,184,184,1,0,1,0,0,0,1,0,0,0,1,1,1,1,1,1,1,1,1,1,0,0,0,0,0,0,0,0,0,0,0,0,0,0,0,0,0,0,0,0,0,0,0,0,0,0,0,0,0,0,0,0,0,0,0,0,0,0,0,0,0,0,0,0,0,0
1,22,22,1,22,22,2206,1,2206,22,22,22,1,1,0,0,0,22,22,22,22,0,20,0,0,0,0,0,0,0,0,0,0,0,0,160,312,312,160,312,99180,160,99180,312,312,312,1,1,160,392,392,160,392,103016,160,103016,392,392,392,1,1,1,312,0,312,392,392,392,392,0,0,0,0,0,0,0,0,0,20,20,1,1,1,1,1,1,1,1,1,1,0,0,1,0,0,0,1,1,1,1,1,0,0,0,0,0,0,0,0,0,0,0,0,0,0,0,0,0,0,0,0,0,0,0,0,0,0,1,0,0,0,0,0,0,0,0,0,0,0,0,0,0,0,0,0,0,0,0,0,0,0,0,0,0,0,0,0,0,0,0,0,0,1,1,0,0,1,0,0,0,0,0,0,1,1,0,0,1,1,22,22,22,1,22,1,859,22,22,0,0,0,22,22,22,1,0,1,0,0,0,0,0,0,1,0,0,1,0,0,0,0,0,160,312,312,312,160,312,160,85900,312,312,160,392,392,392,160,392,160,85980,392,392,312,0,312,392,392,392,1,0,1,0,0,0,1,0,0,0,1,1,1,1,1,1,1,1,1,1,0,0,0,0,0,0,0,0,0,0,0,0,0,0,0,0,0,0,0,0,0,0,0,0,0,0,0,0,0,0,0,0,0,0,0,0,0,0,0,0,0,0,0,0,0,0
1,19,19,1,19,19,2246,1,2246,19,19,19,1,1,0,0,0,19,19,19,19,0,20,0,0,0,0,0,0,0,0,0,0,0,0,160,288,288,160,288,101200,160,101200,288,288,288,1,1,160,308,308,160,308,104976,160,104976,308,308,308,1,1,1,288,0,288,308,308,308,308,0,0,0,0,0,0,0,0,0,20,20,1,1,1,1,1,1,1,1,1,1,0,0,1,0,0,0,1,1,1,1,1,0,0,0,0,0,0,0,0,0,0,0,0,0,0,0,0,0,0,0,0,0,0,0,0,0,0,1,0,0,0,0,0,0,0,0,0,0,0,0,0,0,0,0,0,0,0,0,0,0,0,0,0,0,0,0,0,0,0,0,0,0,1,1,0,0,1,0,0,0,0,0,0,1,1,0,0,1,1,19,19,19,1,19,1,876,19,19,0,0,0,19,19,19,1,0,1,0,0,0,0,0,0,1,0,0,1,0,0,0,0,0,160,288,288,288,160,288,160,87600,288,288,160,308,308,308,160,308,160,87620,308,308,288,0,288,308,308,308,1,0,1,0,0,0,1,0,0,0,1,1,1,1,1,1,1,1,1,1,0,0,0,0,0,0,0,0,0,0,0,0,0,0,0,0,0,0,0,0,0,0,0,0,0,0,0,0,0,0,0,0,0,0,0,0,0,0,0,0,0,0,0,0,0,0
1,15,15,1,15,15,2285,1,2285,15,15,15,1,1,0,0,0,15,15,15,15,0,20,0,0,0,0,0,0,0,0,0,0,0,0,160,256,256,160,256,103120,160,103120,256,256,256,1,1,160,336,336,160,336,106956,160,106956,336,336,336,1,1,1,256,0,256,336,336,336,336,0,0,0,0,0,0,0,0,0,20,20,1,1,1,1,1,1,1,1,1,1,0,0,1,0,0,0,1,1,1,1,1,0,0,0,0,0,0,0,0,0,0,0,0,0,0,0,0,0,0,0,0,0,0,0,0,0,0,1,0,0,0,0,0,0,0,0,0,0,0,0,0,0,0,0,0,0,0,0,0,0,0,0,0,0,0,0,0,0,0,0,0,0,1,1,0,0,1,0,0,0,0,0,0,1,1,0,0,1,1,15,15,15,1,15,1,892,15,15,0,0,0,15,15,15,1,0,1,0,0,0,0,0,0,1,0,0,1,0,0,0,0,0,160,256,256,256,160,256,160,89200,256,256,160,336,336,336,160,336,160,89280,336,336,256,0,256,336,336,336,1,0,1,0,0,0,1,0,0,0,1,1,1,1,1,1,1,1,1,1,0,0,0,0,0,0,0,0,0,0,0,0,0,0,0,0,0,0,0,0,0,0,0,0,0,0,0,0,0,0,0,0,0,0,0,0,0,0,0,0,0,0,0,0,0,0
1,12,12,1,12,12,2325,1,2325,12,12,12,1,1,0,0,0,12,12,12,12,0,20,0,0,0,0,0,0,0,0,0,0,0,0,160,232,232,160,232,105140,160,105140,232,232,232,1,1,160,252,252,160,252,108916,160,108916,252,252,252,1,1,1,232,0,232,252,252,252,252,0,0,0,0,0,0,0,0,0,20,20,1,1,1,1,1,1,1,1,1,1,0,0,1,0,0,0,1,1,1,1,1,0,0,0,0,0,0,0,0,0,0,0,0,0,0,0,0,0,0,0,0,0,0,0,0,0,0,1,0,0,0,0,0,0,0,0,0,0,0,0,0,0,0,0,0,0,0,0,0,0,0,0,0,0,0,0,0,0,0,0,0,0,1,1,0,0,1,0,0,0,0,0,0,1,1,0,0,1,1,12,12,12,1,12,1,909,12,12,0,0,0,12,12,12,1,0,1,0,0,0,0,0,0,1,0,0,1,0,0,0,0,0,160,232,232,232,160,232,160,90900,232,232,160,252,252,252,160,252,160,90920,252,252,232,0,232,252,252,252,1,0,1,0,0,0,1,0,0,0,1,1,1,1,1,1,1,1,1,1,0,0,0,0,0,0,0,0,0,0,0,0,0,0,0,0,0,0,0,0,0,0,0,0,0,0,0,0,0,0,0,0,0,0,0,0,0,0,0,0,0,0,0,0,0,0
1,8,8,1,8,8,2364,1,2364,8,8,8,1,1,0,0,0,8,8,8,8,0,20,0,0,0,0,0,0,0,0,0,0,0,0,160,200,200,160,200,107060,160,107060,200,200,200,1,1,160,280,280,160,280,110896,160,110896,280,280,280,1,1,1,200,0,200,280,280,280,280,0,0,0,0,0,0,0,0,0,20,20,1,1,1,1,1,1,1,1,1,1,0,0,1,0,0,0,1,1,1,1,1,0,0,0,0,0,0,0,0,0,0,0,0,0,0,0,0,0,0,0,0,0,0,0,0,0,0,1,0,0,0,0,0,0,0,0,0,0,0,0,0,0,0,0,0,0,0,0,0,0,0,0,0,0,0,0,0,0,0,0,0,0,1,1,0,0,1,0,0,0,0,0,0,1,1,0,0,1,1,8,8,8,1,8,1,925,8,8,0,0,0,8,8,8,1,0,1,0,0,0,0,0,0,1,0,0,1,0,0,0,0,0,160,200,200,200,160,200,160,92500,200,200,160,280,280,280,160,280,160,92580,280,280,200,0,200,280,280,280,1,0,1,0,0,0,1,0,0,0,1,1,1,1,1,1,1,1,1,1,0,0,0,0,0,0,0,0,0,0,0,0,0,0,0,0,0,0,0,0,0,0,0,0,0,0,0,0,0,0,0,0,0,0,0,0,0,0,0,0,0,0,0,0,0,0
1,5,5,1,5,5,2404,1,2404,5,5,5,1,1,0,0,0,5,5,5,5,0,20,0,0,0,0,0,0,0,0,0,0,0,0,160,176,176,160,176,109080,160,109080,176,176,176,1,1,160,196,196,160,196,112856,160,112856,196,196,196,1,1,1,176,0,176,196,196,196,196,0,0,0,0,0,0,0,0,0,20,20,1,1,1,1,1,1,1,1,1,1,0,0,1,0,0,0,1,1,1,1,1,0,0,0,0,0,0,0,0,0,0,0,0,0,0,0,0,0,0,0,0,0,0,0,0,0,0,1,0,0,0,0,0,0,0,0,0,0,0,0,0,0,0,0,0,0,0,0,0,0,0,0,0,0,0,0,0,0,0,0,0,0,1,1,0,0,1,0,0,0,0,0,0,1,1,0,0,1,1,5,5,5,1,5,1,942,5,5,0,0,0,5,5,5,1,0,1,0,0,0,0,0,0,1,0,0,1,0,0,0,0,0,160,176,176,176,160,176,160,94200,176,176,160,196,196,196,160,196,160,94220,196,196,176,0,176,196,196,196,1,0,1,0,0,0,1,0,0,0,1,1,1,1,1,1,1,1,1,1,0,0,0,0,0,0,0,0,0,0,0,0,0,0,0,0,0,0,0,0,0,0,0,0,0,0,0,0,0,0,0,0,0,0,0,0,0,0,0,0,0,0,0,0,0,0
1,21,21,1,21,21,2420,1,2420,21,21,21,1,1,0,0,0,21,21,21,21,0,100,0,0,0,0,0,0,0,1,1,1,1,1,160,304,304,160,304,110680,160,110680,304,304,304,1,1,160,404,404,160,404,114536,160,114536,404,404,404,1,1,1,304,0,304,404,404,404,404,100,1,1,1,1,1,1,1,1,0,100,0,1,0,0,0,1,0,0,0,0,0,0,1,0,0,0,1,1,1,1,1,0,0,0,0,0,0,0,0,0,0,0,0,0,0,0,0,0,0,0,0,0,0,0,0,0,0,1,0,0,0,0,0,0,0,0,0,0,0,0,0,0,0,0,0,0,0,0,0,0,0,0,0,0,0,0,0,0,0,0,0,0,1,1,0,0,1,0,0,0,0,0,0,1,1,0,0,1,1,21,21,21,1,21,1,958,21,21,0,0,0,21,21,21,1,0,1,0,0,0,0,0,0,0,1,1,1,1,1,1,1,1,160,304,304,304,160,304,160,95800,304,304,160,404,404,404,160,404,160,95900,404,404,304,0,304,404,404,404,1,1,1,1,1,1,1,1,1,1,1,0,1,0,0,0,1,0,0,0,0,0,0,0,0,0,0,0,0,0,0,0,0,0,0,0,0,0,0,0,0,0,0,0,0,0,0,0,0,0,0,0,0,0,0,0,0,0,0,0,0,0,0,0,0,0
1,18,18,1,18,18,2460,1,2460,18,18,18,1,1,0,0,0,18,18,18,18,0,20,0,0,0,0,0,0,0,0,0,0,0,0,160,280,280,160,280,112700,160,112700,280,280,280,1,1,160,320,320,160,320,116496,160,116496,320,320,320,1,1,1,280,0,280,320,320,320,320,0,0,0,0,0,0,0,0,0,20,20,1,1,1,1,1,1,1,1,1,1,0,0,1,0,0,0,1,1,1,1,1,0,0,0,0,0,0,0,0,0,0,0,0,0,0,0,0,0,0,0,0,0,0,0,0,0,0,1,0,0,0,0,0,0,0,0,0,0,0,0,0,0,0,0,0,0,0,0,0,0,0,0,0,0,0,0,0,0,0,0,0,0,1,1,0,0,1,0,0,0,0,0,0,1,1,0,0,1,1,18,18,18,1,18,1,975,18,18,0,0,0,18,18,18,1,0,1,0,0,0,0,0,0,1,0,0,1,0,0,0,0,0,160,280,280,280,160,280,160,97500,280,280,160,320,320,320,160,320,160,97540,320,320,280,0,280,320,320,320,1,0,1,0,0,0,1,0,0,0,1,1,1,1,1,1,1,1,1,1,0,0,0,0,0,0,0,0,0,0,0,0,0,0,0,0,0,0,0,0,0,0,0,0,0,0,0,0,0,0,0,0,0,0,0,0,0,0,0,0,0,0,0,0,0,0
1,14,14,1,14,14,2499,1,2499,14,14,14,1,1,0,0,0,14,14,14,14,0,100,0,0,0,0,0,0,0,1,1,1,1,1,160,248,248,160,248,114620,160,114620,248,248,248,1,1,160,348,348,160,348,118476,160,118476,348,348,348,1,1,1,248,0,248,348,348,348,348,100,1,1,1,1,1,1,1,1,0,100,0,1,0,0,0,1,0,0,0,0,0,0,1,0,0,0,1,1,1,1,1,0,0,0,0,0,0,0,0,0,0,0,0,0,0,0,0,0,0,0,0,0,0,0,0,0,0,1,0,0,0,0,0,0,0,0,0,0,0,0,0,0,0,0,0,0,0,0,0,0,0,0,0,0,0,0,0,0,0,0,0,0,1,1,0,0,1,0,0,0,0,0,0,1,1,0,0,1,1,14,14,14,1,14,1,991,14,14,0,0,0,14,14,14,1,0,1,0,0,0,0,0,0,0,1,1,1,1,1,1,1,1,160,248,248,248,160,248,160,99100,248,248,160,348,348,348,160,348,160,99200,348,348,248,0,248,348,348,348,1,1,1,1,1,1,1,1,1,1,1,0,1,0,0,0,1,0,0,0,0,0,0,0,0,0,0,0,0,0,0,0,0,0,0,0,0,0,0,0,0,0,0,0,0,0,0,0,0,0,0,0,0,0,0,0,0,0,0,0,0,0,0,0,0,0
